{"cameraMode":{"drawMode":0,"name":"Shaded","section":"Shading Mode"},"sceneLighting":false,"audioPlay":false,"sceneViewState":{"showFog":true,"showMaterialUpdate":false,"showSkybox":false,"showFlares":true,"showImageEffects":true,"showParticleSystems":true},"in2DMode":false,"pivot":{"x":443.20989990234377,"y":277.29229736328127,"z":21.6585693359375},"rotation":{"x":-0.04565960541367531,"y":0.14756402373313905,"z":0.006898183841258287,"w":0.988043487071991},"size":719.0426025390625,"orthographic":false}