{"cameraMode":{"drawMode":0,"name":"Shaded","section":"Shading Mode"},"sceneLighting":false,"audioPlay":false,"sceneViewState":{"showFog":true,"showMaterialUpdate":false,"showSkybox":false,"showFlares":true,"showImageEffects":true,"showParticleSystems":true},"in2DMode":false,"pivot":{"x":9.536128997802735,"y":14.307580947875977,"z":-15.51959228515625},"rotation":{"x":0.30425697565078738,"y":-0.6362218856811523,"z":0.30170804262161257,"w":0.6416011452674866},"size":2.8578829765319826,"orthographic":false}