{"cameraMode":{"drawMode":0,"name":"Shaded","section":"Shading Mode"},"sceneLighting":false,"audioPlay":false,"sceneViewState":{"showFog":true,"showMaterialUpdate":false,"showSkybox":false,"showFlares":true,"showImageEffects":true,"showParticleSystems":true},"in2DMode":false,"pivot":{"x":-1.1339821815490723,"y":1.672062635421753,"z":-0.9241352081298828},"rotation":{"x":-0.009334764443337918,"y":0.7363052368164063,"z":-0.010175667703151703,"w":-0.676573634147644},"size":2.874049425125122,"orthographic":false}