{"cameraMode":{"drawMode":0,"name":"Shaded","section":"Shading Mode"},"sceneLighting":false,"audioPlay":false,"sceneViewState":{"showFog":true,"showMaterialUpdate":false,"showSkybox":false,"showFlares":true,"showImageEffects":true,"showParticleSystems":true},"in2DMode":false,"pivot":{"x":-12.745898246765137,"y":1.7299137115478516,"z":0.5512179136276245},"rotation":{"x":-0.10633771121501923,"y":-0.8046972751617432,"z":0.15167498588562013,"w":-0.5640844702720642},"size":2.7994303703308107,"orthographic":false}