{"cameraMode":{"drawMode":0,"name":"Shaded","section":"Shading Mode"},"sceneLighting":false,"audioPlay":false,"sceneViewState":{"showFog":true,"showMaterialUpdate":false,"showSkybox":false,"showFlares":true,"showImageEffects":true,"showParticleSystems":true},"in2DMode":false,"pivot":{"x":-12.59221076965332,"y":0.3165038228034973,"z":-2.173567295074463},"rotation":{"x":0.0009544374770484865,"y":0.9976871013641357,"z":-0.06775465607643128,"w":0.012503732927143574},"size":4.403590679168701,"orthographic":false}