{"cameraMode":{"drawMode":0,"name":"Shaded","section":"Shading Mode"},"sceneLighting":true,"audioPlay":false,"sceneViewState":{"showFog":true,"showMaterialUpdate":false,"showSkybox":true,"showFlares":true,"showImageEffects":true,"showParticleSystems":true},"in2DMode":false,"pivot":{"x":9.731929779052735,"y":14.662884712219239,"z":-9.381717681884766},"rotation":{"x":0.3089357614517212,"y":-0.6493760943412781,"z":0.3272601068019867,"w":0.6130221486091614},"size":13.666947364807129,"orthographic":false}