{"cameraMode":{"drawMode":0,"name":"Shaded","section":"Shading Mode"},"sceneLighting":true,"audioPlay":false,"sceneViewState":{"showFog":true,"showMaterialUpdate":false,"showSkybox":true,"showFlares":true,"showImageEffects":true,"showParticleSystems":true},"in2DMode":false,"pivot":{"x":14.57226848602295,"y":12.721046447753907,"z":-10.003700256347657},"rotation":{"x":-0.3571542501449585,"y":0.17692984640598298,"z":-0.06908122450113297,"w":-0.9145503044128418},"size":50.46588134765625,"orthographic":false}