{"cameraMode":{"drawMode":0,"name":"Shaded","section":"Shading Mode"},"sceneLighting":false,"audioPlay":false,"sceneViewState":{"showFog":true,"showMaterialUpdate":false,"showSkybox":false,"showFlares":true,"showImageEffects":true,"showParticleSystems":true},"in2DMode":false,"pivot":{"x":-12.145276069641114,"y":0.552898108959198,"z":-2.165322780609131},"rotation":{"x":0.0026957255322486164,"y":0.997214674949646,"z":-0.040711164474487308,"w":0.06344333291053772},"size":5.303591251373291,"orthographic":false}