{"cameraMode":{"drawMode":0,"name":"Shaded","section":"Shading Mode"},"sceneLighting":true,"audioPlay":false,"sceneViewState":{"showFog":true,"showMaterialUpdate":false,"showSkybox":true,"showFlares":true,"showImageEffects":true,"showParticleSystems":true},"in2DMode":false,"pivot":{"x":-13.502952575683594,"y":-0.5993170142173767,"z":-3.624602794647217},"rotation":{"x":-0.018530283123254777,"y":0.956736147403717,"z":-0.28373971581459048,"w":-0.06241225451231003},"size":6.81393575668335,"orthographic":false}