{"cameraMode":{"drawMode":0,"name":"Shaded","section":"Shading Mode"},"sceneLighting":false,"audioPlay":false,"sceneViewState":{"showFog":true,"showMaterialUpdate":false,"showSkybox":false,"showFlares":true,"showImageEffects":true,"showParticleSystems":true},"in2DMode":false,"pivot":{"x":-131.54393005371095,"y":-272.37744140625,"z":-269.2666015625},"rotation":{"x":0.08478076010942459,"y":-0.9061906933784485,"z":0.3523178994655609,"w":0.21801872551441194},"size":477.49212646484377,"orthographic":false}