{"cameraMode":{"drawMode":0,"name":"Shaded","section":"Shading Mode"},"sceneLighting":true,"audioPlay":false,"sceneViewState":{"showFog":true,"showMaterialUpdate":false,"showSkybox":true,"showFlares":true,"showImageEffects":true,"showParticleSystems":true},"in2DMode":false,"pivot":{"x":0.2433929443359375,"y":-2.420889377593994,"z":0.028321266174316407},"rotation":{"x":0.17692165076732636,"y":-0.35386592149734499,"z":0.06835466623306275,"w":0.9159346222877502},"size":22.0,"orthographic":false}